"Guid","Name","SBQQ__MethodName__c","SBQQ__Version__c"
0aeaae97-2844-48b0-a136-01047b9e4e84,a0S3t00000JcFNC,updateOIsWithAssetsContractsSubs,226.8
1fa4bab8-f8a0-49c6-aecf-86c0608e4695,a0S3t00000JcFMO,createConfiguratorEditRulesAction,226.8
24225f41-3e91-4442-91c5-292cf0441227,a0S3t00000JcFMT,SBQQ.BatchablePluginTranspileUtil,226.8
319e161e-b2fc-4bce-b805-914dc205aadf,a0S3t00000JcFN2,SBQQ.DiscountScheduleRefFieldGenerator,226.8
3898747f-24d3-4ed6-b28d-25b45f7a4242,a0S3t00000JcFMN,viewPricingGuidanceLineAction,226.8
3e167964-b1d7-4391-ad88-41f0056d4c18,a0S3t00000JcFMM,createAmendSubscriptionsCustomQleAction,226.8
3ed35ce8-113f-4db2-ab8b-be579dc8e4d0,a0S3t00000JcFMQ,SBQQ.BatchableDSExclusionGenerator,226.8
471c344c-8653-491c-8f9c-321e9de2f2b9,a0S3t00000JcFMP,enableFlagToPreventBackdatedAmendments,226.8
4b882ff2-12cf-41d7-8f1d-dc7625b4fdb0,a0S3t00000JcFMJ,createCustomActionsOnQLE,226.8
52a38660-ad03-4b65-8c5d-f2fa9627e455,a0S3t00000JcFOF,SBQQ.RootIdSetterChildAssets,226.8
54d154fe-69bc-4d04-82b4-f1bbf75930b7,a0S3t00000JcFMx,SBQQ.InstallProcessorBatchAssetCombineKey,226.8
5689f665-d27e-4507-87b6-1aaabe990327,a0S3t00000JcFNg,SBQQ.InstallProcessorBatchHasCS,226.8
60eea401-b02e-47cc-ba84-8bac280aeae4,a0S3t00000JcFNq,SBQQ.ProductRefFieldGenerator,226.8
63195b1e-a608-4e27-ba59-bf59deda56ef,a0S3t00000JcFN7,SBQQ.InstallProcessorBatchThemeGenerator,226.8
8184a167-550b-4daf-a688-15adb381316a,a0S3t00000JcFMK,createViewConsumptionScheduleLineAction,226.8
832d6aaf-ef8c-4c5a-93c7-cbb5587b4535,a0S3t00000JcFO5,SBQQ.RootIdSetterParentAssets,226.8
94aed653-2609-4e00-91af-95406a7ba17c,a0S3t00000JcFNH,SBQQ.InstallProcessorBatchQuantityEditable,226.8
a41a69d3-823d-4729-b741-4d8d14401657,a0S3t00000JcFMn,SBQQ.InstallProcessorBatchRequiredByAsset,226.8
a5e5d72f-e30f-41b4-8081-411e946311ac,a0S3t00000JcFMd,CalculatorReferencedFieldRemover,226.8
aa0f05ee-12ef-4f32-a820-dfff8e62b994,a0S3t00000JcFNv,SBQQ.BatchableConfigAttrReferencedFieldUtil,226.8
bf1dec99-4e92-4644-ac02-0fcb2b4ef4e9,a0S3t00000JcFMi,SBQQ.InstallProcessorBatchLocalizationIndex,226.8
d03c8c84-0eab-4278-bf2b-f5e00baf7b52,a0S3t00000JcFO0,SBQQ.RootIdSetterParentSubscriptions,226.8
d473a4af-6fc4-4278-88eb-cf34e0679a2b,a0S3t00000JcFNW,SBQQ.ProductRuleRefFieldGenerator,226.8
daa29b41-d1f2-4b86-971f-db1f943ae235,a0S3t00000JcFML,createExternalConfiguratorCustomAction,226.8
db168567-3cf5-483a-9edd-131ef7ded891,a0S3t00000JcFMs,SBQQ.ReferencedFieldRemover,226.8
e50104c6-550c-4053-b5da-940d80a04586,a0S3t00000JcFMY,SBQQ.InstallProcessorBatchRegularPrice,226.8
ebce8dab-5406-4163-9589-a6d4ad05a2e5,a0S3t00000JcFOA,SBQQ.RootIdSetterChildSubscriptions,226.8
f3630cc8-015e-443b-ab01-d0c4320d62fd,a0S3t00000JcFNb,SBQQ.PriceRuleRefFieldGenerator,226.8
f40fcf68-0481-4e12-be2f-3bdd003c58c3,a0S3t00000JcFNR,SBQQ.InstallProcessorBatchQLIPriceBookEntry,226.8
f9186ef2-bfd1-4ac3-92dc-ec0cfe9d4d9d,a0S3t00000JcFNM,SBQQ.SummaryVarRefFieldGenerator,226.8
fc607620-3cb4-4a8d-bf4f-5ef021a5275a,a0S3t00000JcFNl,SBQQ.CustomActionRefFieldGenerator,226.8
